freeCodeCamp,freeCodeCamp.org's open-source codebase and curriculum. Learn to code for free.,https://github.com/freeCodeCamp/freeCodeCamp,361314,361314,31022
free-programming-books,:books: Freely available programming books,https://github.com/EbookFoundation/free-programming-books,267150,267150,53842
996.ICU,Repo for counting stars and contributing. Press F to pay respect to glorious developers.,https://github.com/996icu/996.ICU,265054,265054,21463
coding-interview-university,A complete computer science study plan to become a software engineer.,https://github.com/jwasham/coding-interview-university,246999,246999,65497
awesome,ğŸ˜ Awesome lists about all kinds of interesting topics,https://github.com/sindresorhus/awesome,238896,238896,24938
developer-roadmap,"Interactive roadmaps, guides and other educational content to help developers grow in their careers.",https://github.com/kamranahmedse/developer-roadmap,229312,229312,32905
public-apis,A collective list of free APIs,https://github.com/public-apis/public-apis,228240,228240,25990
system-design-primer,Learn how to design large-scale systems. Prep for the system design interview.  Includes Anki flashcards.,https://github.com/donnemartin/system-design-primer,211531,211531,37834
vue,"This is the repo for Vue 2. For Vue 3, go to https://github.com/vuejs/core",https://github.com/vuejs/vue,202344,202344,33341
react,"A declarative, efficient, and flexible JavaScript library for building user interfaces.",https://github.com/facebook/react,202294,202294,42036
build-your-own-x,Master programming by recreating your favorite technologies from scratch.,https://github.com/codecrafters-io/build-your-own-x,189937,189937,18408
tensorflow,An Open Source Machine Learning Framework for Everyone,https://github.com/tensorflow/tensorflow,171240,171240,87794
You-Dont-Know-JS,A book series on JavaScript. @YDKJS on twitter.,https://github.com/getify/You-Dont-Know-JS,164823,164823,32095
javascript-algorithms,ğŸ“ Algorithms and data structures implemented in JavaScript with explanations and links to further readings,https://github.com/trekhleb/javascript-algorithms,163206,163206,26971
bootstrap,"The most popular HTML, CSS, and JavaScript framework for developing responsive, mobile first projects on the web.",https://github.com/twbs/bootstrap,161846,161846,77863
CS-Notes,:books: æŠ€æœ¯é¢è¯•å¿…å¤‡åŸºç¡€çŸ¥è¯†ã€Leetcodeã€è®¡ç®—æœºæ“ä½œç³»ç»Ÿã€è®¡ç®—æœºç½‘ç»œã€ç³»ç»Ÿè®¾è®¡,https://github.com/CyC2018/CS-Notes,161528,161528,49856
awesome-python,"A curated list of awesome Python frameworks, libraries, software and resources",https://github.com/vinta/awesome-python,156797,156797,22573
ohmyzsh,"ğŸ™ƒ   A delightful community-driven (with 2,100+ contributors) framework for managing your zsh configuration. Includes 300+ optional plugins (rails, git, macOS, hub, docker, homebrew, node, php, python, etc), 140+ themes to spice up your morning, and an auto-update tool so that makes it easy to keep up with the latest updates from the community.",https://github.com/ohmyzsh/ohmyzsh,155382,155382,24975
Python,All Algorithms implemented in Python,https://github.com/TheAlgorithms/Python,153141,153141,39060
flutter,Flutter makes it easy and fast to build beautiful apps for mobile and beyond,https://github.com/flutter/flutter,150164,150164,24645
linux,Linux kernel source tree,https://github.com/torvalds/linux,146221,146221,46714
gitignore,A collection of useful .gitignore templates,https://github.com/github/gitignore,144333,144333,82329
vscode,Visual Studio Code,https://github.com/microsoft/vscode,142641,142641,24750
computer-science,:mortar_board: Path to a free self-taught education in Computer Science!,https://github.com/ossu/computer-science,134860,134860,17507
javascript,JavaScript Style Guide,https://github.com/airbnb/javascript,131573,131573,24946
JavaGuide,ã€ŒJavaå­¦ä¹ +é¢è¯•æŒ‡å—ã€ä¸€ä»½æ¶µç›–å¤§éƒ¨åˆ† Java ç¨‹åºå‘˜æ‰€éœ€è¦æŒæ¡çš„æ ¸å¿ƒçŸ¥è¯†ã€‚å‡†å¤‡ Java é¢è¯•ï¼Œé¦–é€‰ JavaGuideï¼,https://github.com/Snailclimb/JavaGuide,130889,130889,43362
Python-100-Days,Python - 100å¤©ä»æ–°æ‰‹åˆ°å¤§å¸ˆ,https://github.com/jackfrued/Python-100-Days,130805,130805,48163
the-art-of-command-line,"Master the command line, in one page",https://github.com/jlevy/the-art-of-command-line,129166,129166,13011
awesome-selfhosted,A list of Free Software network services and web applications which can be hosted on your own servers,https://github.com/awesome-selfhosted/awesome-selfhosted,118915,118915,6941
youtube-dl,Command-line program to download videos from YouTube.com and other video sites,https://github.com/ytdl-org/youtube-dl,117334,117334,8589
fucking-algorithm,"åˆ·ç®—æ³•å…¨é å¥—è·¯ï¼Œè®¤å‡† labuladong å°±å¤Ÿäº†ï¼English version supported! Crack LeetCode, not only how, but also why. ",https://github.com/labuladong/fucking-algorithm,113902,113902,22049
go,The Go programming language,https://github.com/golang/go,108561,108561,15915
30-seconds-of-code,Short JavaScript code snippets for all your development needs,https://github.com/30-seconds/30-seconds-of-code,107744,107744,11156
react-native,A framework for building native applications using React,https://github.com/facebook/react-native,107679,107679,22947
electron,":electron: Build cross-platform desktop apps with JavaScript, HTML, and CSS",https://github.com/electron/electron,105913,105913,14367
d3,"Bring data to life with SVG, Canvas and HTML. :bar_chart::chart_with_upwards_trend::tada:",https://github.com/d3/d3,104398,104398,23284
next.js,The React Framework,https://github.com/vercel/next.js,100910,100910,22432
free-programming-books-zh_CN,:books: å…è´¹çš„è®¡ç®—æœºç¼–ç¨‹ç±»ä¸­æ–‡ä¹¦ç±ï¼Œæ¬¢è¿æŠ•ç¨¿,https://github.com/justjavac/free-programming-books-zh_CN,99821,99821,27183
create-react-app,Set up a modern web app by running one command.,https://github.com/facebook/create-react-app,98878,98878,25995
axios,Promise based HTTP client for the browser and node.js,https://github.com/axios/axios,98792,98792,10191
awesome-go,"A curated list of awesome Go frameworks, libraries and software",https://github.com/avelino/awesome-go,96453,96453,10713
kubernetes,Production-Grade Container Scheduling and Management,https://github.com/kubernetes/kubernetes,95888,95888,35184
node,Node.js JavaScript runtime :sparkles::turtle::rocket::sparkles:,https://github.com/nodejs/node,93365,93365,25281
project-based-learning,Curated list of project-based tutorials,https://github.com/practical-tutorials/project-based-learning,90847,90847,12797
the-book-of-secret-knowledge,"A collection of inspiring lists, manuals, cheatsheets, blogs, hacks, one-liners, cli/web tools and more.",https://github.com/trimstray/the-book-of-secret-knowledge,89709,89709,6907
three.js,JavaScript 3D Library.,https://github.com/mrdoob/three.js,89053,89053,33937
TypeScript,TypeScript is a superset of JavaScript that compiles to clean JavaScript output.,https://github.com/microsoft/TypeScript,88539,88539,11479
deno,A modern runtime for JavaScript and TypeScript.,https://github.com/denoland/deno,87985,87985,4746
terminal,"The new Windows Terminal and the original Windows console host, all in the same place!",https://github.com/microsoft/terminal,87581,87581,7672
PowerToys,Windows system utilities to maximize productivity,https://github.com/microsoft/PowerToys,86687,86687,4990
nodebestpractices,:white_check_mark:  The Node.js best practices list (November 2022),https://github.com/goldbergyoni/nodebestpractices,86506,86506,8947
angular,The modern web developerâ€™s platform,https://github.com/angular/angular,86385,86385,22978
tech-interview-handbook,ğŸ’¯ Curated coding interview preparation materials for busy software engineers,https://github.com/yangshun/tech-interview-handbook,86292,86292,11297
material-ui,"MUI Core: Ready-to-use foundational React components, free forever. It includes Material UI, which implements Google's Material Design.",https://github.com/mui/material-ui,84611,84611,29144
ant-design,An enterprise-class UI design language and React UI library,https://github.com/ant-design/ant-design,84385,84385,38288
puppeteer,Headless Chrome Node.js API,https://github.com/puppeteer/puppeteer,81932,81932,8815
transformers,"ğŸ¤— Transformers: State-of-the-art Machine Learning for Pytorch, TensorFlow, and JAX.",https://github.com/huggingface/transformers,80991,80991,18021
vue-element-admin,:tada: A magical vue admin                                                                https://panjiachen.github.io/vue-element-admin,https://github.com/PanJiaChen/vue-element-admin,80710,80710,29234
java-design-patterns,Design patterns implemented in Java,https://github.com/iluwatar/java-design-patterns,79819,79819,24635
clean-code-javascript,:bathtub: Clean Code concepts adapted for JavaScript,https://github.com/ryanmcdermott/clean-code-javascript,79449,79449,10748
rust,Empowering everyone to build reliable and efficient software.,https://github.com/rust-lang/rust,77812,77812,10387
animate.css,ğŸ¿ A cross-browser library of CSS animations. As easy to use as an easy thing.,https://github.com/animate-css/animate.css,77054,77054,16386
storybook,"Storybook is a frontend workshop for building UI components and pages in isolation. Made for UI development, testing, and documentation. ",https://github.com/storybookjs/storybook,76779,76779,8156
scrcpy,Display and control your Android device,https://github.com/Genymobile/scrcpy,76764,76764,8037
thefuck,Magnificent app which corrects your previous console command.,https://github.com/nvbn/thefuck,75789,75789,3317
models,Models and examples built with TensorFlow,https://github.com/tensorflow/models,75160,75160,46127
laravel,"Laravel is a web application framework with expressive, elegant syntax. Weâ€™ve already laid the foundation for your next big idea â€” freeing you to create without sweating the small things.",https://github.com/laravel/laravel,72406,72406,23363
LeetCodeAnimation,Demonstrate all the questions on LeetCode in the form of animation.ï¼ˆç”¨åŠ¨ç”»çš„å½¢å¼å‘ˆç°è§£LeetCodeé¢˜ç›®çš„æ€è·¯ï¼‰,https://github.com/MisterBooo/LeetCodeAnimation,72336,72336,13813
realworld,"""The mother of all demo apps"" â€” Exemplary fullstack Medium.com clone powered by React, Angular, Node, Django, and many more ğŸ…",https://github.com/gothinkster/realworld,72312,72312,6743
Font-Awesome,"The iconic SVG, font, and CSS toolkit",https://github.com/FortAwesome/Font-Awesome,70893,70893,12310
papers-we-love,Papers from the computer science community to read and discuss.,https://github.com/papers-we-love/papers-we-love,69723,69723,5105
every-programmer-should-know,A collection of (mostly) technical things every software developer should know about,https://github.com/mtdvio/every-programmer-should-know,69224,69224,6598
django,The Web framework for perfectionists with deadlines.,https://github.com/django/django,68789,68789,28631
FiraCode,Free monospaced font with programming ligatures,https://github.com/tonsky/FiraCode,68708,68708,2953
advanced-java,ğŸ˜® Core Interview Questions & Answers For Experienced Java(Backend) Developers | äº’è”ç½‘ Java å·¥ç¨‹å¸ˆè¿›é˜¶çŸ¥è¯†å®Œå…¨æ‰«ç›²ï¼šæ¶µç›–é«˜å¹¶å‘ã€åˆ†å¸ƒå¼ã€é«˜å¯ç”¨ã€å¾®æœåŠ¡ã€æµ·é‡æ•°æ®å¤„ç†ç­‰é¢†åŸŸçŸ¥è¯†,https://github.com/doocs/advanced-java,68614,68614,18070
bitcoin,Bitcoin Core integration/staging tree,https://github.com/bitcoin/bitcoin,68233,68233,33800
awesome-vue,ğŸ‰ A curated list of awesome things related to Vue.js,https://github.com/vuejs/awesome-vue,67717,67717,9236
free-for-dev,"A list of SaaS, PaaS and IaaS offerings that have free tiers of interest to devops and infradev",https://github.com/ripienaar/free-for-dev,66757,66757,7262
opencv,Open Source Computer Vision Library,https://github.com/opencv/opencv,66489,66489,54015
gin,"Gin is a HTTP web framework written in Go (Golang). It features a Martini-like API with much better performance -- up to 40 times faster. If you need smashing performance, get yourself some Gin.",https://github.com/gin-gonic/gin,66488,66488,7229
svelte,Cybernetically enhanced web apps,https://github.com/sveltejs/svelte,65693,65693,3208
spring-boot,Spring Boot,https://github.com/spring-projects/spring-boot,65580,65580,37966
json-server,Get a full fake REST API with zero coding in less than 30 seconds (seriously),https://github.com/typicode/json-server,65529,65529,6463
Web-Dev-For-Beginners,"24 Lessons, 12 Weeks, Get Started as a Web Developer",https://github.com/microsoft/Web-Dev-For-Beginners,65522,65522,10285
hugo,The worldâ€™s fastest framework for building websites.,https://github.com/gohugoio/hugo,65362,65362,7026
moby,Moby Project - a collaborative project for the container ecosystem to assemble container-based systems,https://github.com/moby/moby,65158,65158,18504
tailwindcss,A utility-first CSS framework for rapid UI development.,https://github.com/tailwindlabs/tailwindcss,65152,65152,3323
HelloGitHub,":octocat: åˆ†äº« GitHub ä¸Šæœ‰è¶£ã€å…¥é—¨çº§çš„å¼€æºé¡¹ç›®ã€‚Share interesting, entry-level open source projects on GitHub.",https://github.com/521xueweihan/HelloGitHub,65001,65001,8623
nvm,Node Version Manager - POSIX-compliant bash script to manage multiple active node.js versions,https://github.com/nvm-sh/nvm,64730,64730,6891
frp,A fast reverse proxy to help you expose a local server behind a NAT or firewall to the internet.,https://github.com/fatedier/frp,64383,64383,11114
Front-End-Checklist,ğŸ—‚ The perfect Front-End Checklist for modern websites and meticulous developers,https://github.com/thedaviddias/Front-End-Checklist,64113,64113,6153
mall,mallé¡¹ç›®æ˜¯ä¸€å¥—ç”µå•†ç³»ç»Ÿï¼ŒåŒ…æ‹¬å‰å°å•†åŸç³»ç»ŸåŠåå°ç®¡ç†ç³»ç»Ÿï¼ŒåŸºäºSpringBoot+MyBatiså®ç°ï¼Œé‡‡ç”¨Dockerå®¹å™¨åŒ–éƒ¨ç½²ã€‚ å‰å°å•†åŸç³»ç»ŸåŒ…å«é¦–é¡µé—¨æˆ·ã€å•†å“æ¨èã€å•†å“æœç´¢ã€å•†å“å±•ç¤ºã€è´­ç‰©è½¦ã€è®¢å•æµç¨‹ã€ä¼šå‘˜ä¸­å¿ƒã€å®¢æˆ·æœåŠ¡ã€å¸®åŠ©ä¸­å¿ƒç­‰æ¨¡å—ã€‚ åå°ç®¡ç†ç³»ç»ŸåŒ…å«å•†å“ç®¡ç†ã€è®¢å•ç®¡ç†ã€ä¼šå‘˜ç®¡ç†ã€ä¿ƒé”€ç®¡ç†ã€è¿è¥ç®¡ç†ã€å†…å®¹ç®¡ç†ã€ç»Ÿè®¡æŠ¥è¡¨ã€è´¢åŠ¡ç®¡ç†ã€æƒé™ç®¡ç†ã€è®¾ç½®ç­‰æ¨¡å—ã€‚,https://github.com/macrozheng/mall,63558,63558,26255
reveal.js,The HTML Presentation Framework,https://github.com/hakimel/reveal.js,63117,63117,16497
pytorch,Tensors and Dynamic neural networks in Python with strong GPU acceleration,https://github.com/pytorch/pytorch,62743,62743,17425
elasticsearch,"Free and Open, Distributed, RESTful Search Engine",https://github.com/elastic/elasticsearch,62718,62718,22738
webpack,"A bundler for javascript and friends. Packs many modules into a few bundled assets. Code Splitting allows for loading parts of the application on demand. Through ""loaders"", modules can be CommonJs, AMD, ES6 modules, CSS, Images, JSON, Coffeescript, LESS, ... and your custom stuff.",https://github.com/webpack/webpack,62509,62509,8625
app-ideas,A Collection of application ideas which can be used to improve your coding skills.,https://github.com/florinpop17/app-ideas,62483,62483,8225
neovim,Vim-fork focused on extensibility and usability,https://github.com/neovim/neovim,62369,62369,4436
netdata,"Real-time performance monitoring, done right! https://www.netdata.cloud",https://github.com/netdata/netdata,62004,62004,5451
flask,The Python micro framework for building web applications.,https://github.com/pallets/flask,61904,61904,15457
swift,The Swift Programming Language,https://github.com/apple/swift,61829,61829,9954
Awesome-Hacking,"A collection of various awesome lists for hackers, pentesters and security researchers",https://github.com/Hack-with-Github/Awesome-Hacking,61450,61450,8334
express,"Fast, unopinionated, minimalist web framework for node.",https://github.com/expressjs/express,59928,59928,10128
Chart.js,Simple HTML5 Charts using the <canvas> tag,https://github.com/chartjs/Chart.js,59797,59797,11758
resume.github.com,Resumes generated using the GitHub informations,https://github.com/resume/resume.github.com,59383,59383,1393
angular.js,AngularJS - HTML enhanced for web apps!,https://github.com/angular/angular.js,59270,59270,28153
redux,Predictable state container for JavaScript apps,https://github.com/reduxjs/redux,59232,59232,15364
interviews,Everything you need to know to get the job.,https://github.com/kdn251/interviews,59207,59207,12477
GitHub-Chinese-Top-Charts,:cn: GitHubä¸­æ–‡æ’è¡Œæ¦œï¼Œå„è¯­è¨€åˆ†è®¾ã€Œè½¯ä»¶ | èµ„æ–™ã€æ¦œå•ï¼Œç²¾å‡†å®šä½ä¸­æ–‡å¥½é¡¹ç›®ã€‚å„å–æ‰€éœ€ï¼Œé«˜æ•ˆå­¦ä¹ ã€‚,https://github.com/GrowingGit/GitHub-Chinese-Top-Charts,59186,59186,8564
atom,:atom: The hackable text editor,https://github.com/atom/atom,59118,59118,18285
code-server,VS Code in the browser,https://github.com/coder/code-server,58978,58978,4907
tauri,"Build smaller, faster, and more secure desktop applications with a web frontend.",https://github.com/tauri-apps/tauri,58936,58936,1548
redis,"Redis is an in-memory database that persists on disk. The data model is key-value, but many different kind of values are supported: Strings, Lists, Sets, Sorted Sets, Hashes, Streams, HyperLogLogs, Bitmaps.",https://github.com/redis/redis,58530,58530,22209
protobuf,Protocol Buffers - Google's data interchange format,https://github.com/protocolbuffers/protobuf,58148,58148,14798
core,:house_with_garden: Open source home automation that puts local control and privacy first.,https://github.com/home-assistant/core,58131,58131,21987
markdown-here,"Google Chrome, Firefox, and Thunderbird extension that lets you write email in Markdown and render it before sending.",https://github.com/adam-p/markdown-here,58088,58088,11311
awesome-machine-learning,"A curated list of awesome Machine Learning frameworks, libraries and software.",https://github.com/josephmisiti/awesome-machine-learning,57846,57846,13855
awesome-mac,"ï£¿ Now we have become very big, Different from the original idea. Collect premium software in various categories.",https://github.com/jaywcjlove/awesome-mac,57822,57822,5718
godot,Godot Engine â€“ Multi-platform 2D and 3D game engine,https://github.com/godotengine/godot,57809,57809,10073
socket.io,Realtime application framework (Node.JS server),https://github.com/socketio/socket.io,57646,57646,10163
architect-awesome,åç«¯æ¶æ„å¸ˆæŠ€æœ¯å›¾è°±,https://github.com/xingshaocheng/architect-awesome,57604,57604,17645
keras,Deep Learning for humans,https://github.com/keras-team/keras,57317,57317,19293
jquery,jQuery JavaScript Library,https://github.com/jquery/jquery,57189,57189,20659
Front-end-Developer-Interview-Questions,"A list of helpful front-end related questions you can use to interview potential candidates, test yourself or completely ignore.",https://github.com/h5bp/Front-end-Developer-Interview-Questions,56483,56483,10815
ansible,"Ansible is a radically simple IT automation platform that makes your applications and systems easier to deploy and maintain. Automate everything from code deployment to network configuration to cloud management, in a language that approaches plain English, using SSH, with no agents to install on remote systems. https://docs.ansible.com.",https://github.com/ansible/ansible,56272,56272,22981
shadowsocks-windows,A C# port of shadowsocks,https://github.com/shadowsocks/shadowsocks-windows,55832,55832,16383
nocode,The best way to write secure and reliable applications. Write nothing; deploy nowhere.,https://github.com/kelseyhightower/nocode,55816,55816,4640
lodash,"A modern JavaScript utility library delivering modularity, performance, & extras.",https://github.com/lodash/lodash,55642,55642,6809
33-js-concepts,ğŸ“œ 33 JavaScript concepts every developer should know.,https://github.com/leonardomso/33-js-concepts,55006,55006,7661
fastapi,"FastAPI framework, high performance, easy to learn, fast to code, ready for production",https://github.com/tiangolo/fastapi,54540,54540,4517
Apollo-11,Original Apollo 11 Guidance Computer (AGC) source code for the command and lunar modules.,https://github.com/chrislgarry/Apollo-11,54455,54455,6834
nest,"A progressive Node.js framework for building efficient, scalable, and enterprise-grade server-side applications on top of TypeScript & JavaScript (ES6, ES7, ES8) ğŸš€",https://github.com/nestjs/nest,54361,54361,6514
echarts,"Apache ECharts is a powerful, interactive charting and data visualization library for browser",https://github.com/apache/echarts,54187,54187,19355
gatsby,The fastest frontend for the headless web. Build modern websites with React.,https://github.com/gatsbyjs/gatsby,54144,54144,10505
html5-boilerplate,"A professional front-end template for building fast, robust, and adaptable web apps or sites.",https://github.com/h5bp/html5-boilerplate,54009,54009,12139
grafana,"The open and composable observability and data visualization platform. Visualize metrics, logs, and traces from multiple sources like Prometheus, Loki, Elasticsearch, InfluxDB, Postgres and many more. ",https://github.com/grafana/grafana,53980,53980,10522
awesome-react,A collection of awesome things regarding React ecosystem,https://github.com/enaqx/awesome-react,53878,53878,6577
mermaid,Generation of diagrams like flowcharts or sequence diagrams from text in a similar manner as markdown,https://github.com/mermaid-js/mermaid,53843,53843,4189
awesome-interview-questions,:octocat: A curated awesome list of lists of interview questions. Feel free to contribute! :mortar_board: ,https://github.com/DopplerHQ/awesome-interview-questions,53496,53496,7465
element,A Vue.js 2.0 UI Toolkit for Web,https://github.com/ElemeFE/element,53090,53090,14444
scikit-learn,scikit-learn: machine learning in Python,https://github.com/scikit-learn/scikit-learn,52952,52952,23948
awesome-public-datasets,A topic-centric list of HQ open datasets.,https://github.com/awesomedata/awesome-public-datasets,52938,52938,9164
vite,Next generation frontend tooling. It's fast!,https://github.com/vitejs/vite,52881,52881,4632
javascript-questions,"A long list of (advanced) JavaScript questions, and their explanations :sparkles:  ",https://github.com/lydiahallie/javascript-questions,52426,52426,7424
rails,Ruby on Rails,https://github.com/rails/rails,52310,52310,20928
cs-video-courses,List of Computer Science courses with video lectures.,https://github.com/Developer-Y/cs-video-courses,51969,51969,7435
github-readme-stats,:zap: Dynamically generated stats for your github readmes,https://github.com/anuraghazra/github-readme-stats,51943,51943,14872
strapi,"ğŸš€ Strapi is the leading open-source headless CMS. Itâ€™s 100% JavaScript, fully customizable and developer-first.",https://github.com/strapi/strapi,51878,51878,6312
HowToCook,ç¨‹åºå‘˜åœ¨å®¶åšé¥­æ–¹æ³•æŒ‡å—ã€‚Programmer's guide about how to cook at home (Chinese only).,https://github.com/Anduin2017/HowToCook,51039,51039,7511
spring-framework,Spring Framework,https://github.com/spring-projects/spring-framework,50771,50771,35505
Best-websites-a-programmer-should-visit,:link: Some useful websites for programmers.,https://github.com/sdmg15/Best-websites-a-programmer-should-visit,50749,50749,6727
cpython,The Python programming language,https://github.com/python/cpython,50679,50679,25808
superset,Apache Superset is a Data Visualization and Data Exploration Platform,https://github.com/apache/superset,50537,50537,10142
leetcode,æ¨èåˆ·é¢˜ç½‘ç«™ï¼šhttps://www.lintcode.com/?utm_source=tf-github-lucifer2022  LeetCode Solutions: A Record of My Problem Solving Journey.( leetcodeé¢˜è§£ï¼Œè®°å½•è‡ªå·±çš„leetcodeè§£é¢˜ä¹‹è·¯ã€‚),https://github.com/azl397985856/leetcode,50469,50469,9268
Semantic-UI,Semantic is a UI component framework based around useful principles from natural language.,https://github.com/Semantic-Org/Semantic-UI,50408,50408,5105
Java,All Algorithms implemented in Java,https://github.com/TheAlgorithms/Java,50296,50296,16573
fzf,:cherry_blossom: A command-line fuzzy finder,https://github.com/junegunn/fzf,49873,49873,2135
hoppscotch,ğŸ‘½ Open source API development ecosystem - https://hoppscotch.io,https://github.com/hoppscotch/hoppscotch,49860,49860,3408
DeepLearning-500-questions,æ·±åº¦å­¦ä¹ 500é—®ï¼Œä»¥é—®ç­”å½¢å¼å¯¹å¸¸ç”¨çš„æ¦‚ç‡çŸ¥è¯†ã€çº¿æ€§ä»£æ•°ã€æœºå™¨å­¦ä¹ ã€æ·±åº¦å­¦ä¹ ã€è®¡ç®—æœºè§†è§‰ç­‰çƒ­ç‚¹é—®é¢˜è¿›è¡Œé˜è¿°ï¼Œä»¥å¸®åŠ©è‡ªå·±åŠæœ‰éœ€è¦çš„è¯»è€…ã€‚ å…¨ä¹¦åˆ†ä¸º18ä¸ªç« èŠ‚ï¼Œ50ä½™ä¸‡å­—ã€‚ç”±äºæ°´å¹³æœ‰é™ï¼Œä¹¦ä¸­ä¸å¦¥ä¹‹å¤„æ³è¯·å¹¿å¤§è¯»è€…æ‰¹è¯„æŒ‡æ­£ã€‚   æœªå®Œå¾…ç»­............ å¦‚æœ‰æ„åˆä½œï¼Œè”ç³»scutjy2015@163.com                     ç‰ˆæƒæ‰€æœ‰ï¼Œè¿æƒå¿…ç©¶       Tan 2018.06,https://github.com/scutan90/DeepLearning-500-questions,49792,49792,15451
normalize.css,A modern alternative to CSS resets,https://github.com/necolas/normalize.css,49724,49724,10962
manim,Animation engine for explanatory math videos,https://github.com/3b1b/manim,49664,49664,5206
awesome-nodejs,:zap: Delightful Node.js packages and resources,https://github.com/sindresorhus/awesome-nodejs,49635,49635,5586
react-router,Declarative routing for React,https://github.com/remix-run/react-router,49612,49612,9832
syncthing,Open Source Continuous File Synchronization,https://github.com/syncthing/syncthing,49529,49529,3676
tesseract,Tesseract Open Source OCR Engine (main repository),https://github.com/tesseract-ocr/tesseract,49151,49151,8367
requests,"A simple, yet elegant, HTTP library.",https://github.com/psf/requests,49043,49043,8966
ionic-framework,"A powerful cross-platform UI toolkit for building native-quality iOS, Android, and Progressive Web Apps with HTML, CSS, and JavaScript.",https://github.com/ionic-team/ionic-framework,48612,48612,13632
awesome-for-beginners,A list of awesome beginners-friendly projects.,https://github.com/MunGell/awesome-for-beginners,48393,48393,6111
design-resources-for-developers,"Curated list of design and UI resources from stock photos, web templates, CSS frameworks, UI libraries, tools and much more",https://github.com/bradtraversy/design-resources-for-developers,47823,47823,10008
playwright,"Playwright is a framework for Web Testing and Automation. It allows testing Chromium, Firefox and WebKit with a single API. ",https://github.com/microsoft/playwright,47744,47744,2348
material-design-icons,Material Design icons by Google,https://github.com/google/material-design-icons,47567,47567,9529
face_recognition,The world's simplest facial recognition api for Python and the command line,https://github.com/ageitgey/face_recognition,47292,47292,12764
moment,"Parse, validate, manipulate, and display dates in javascript.",https://github.com/moment/moment,47231,47231,7120
RxJava,RxJava â€“ Reactive Extensions for the JVM â€“ a library for composing asynchronous and event-based programs using observable sequences for the Java VM.,https://github.com/ReactiveX/RxJava,46824,46824,7657
bulma,Modern CSS framework based on Flexbox,https://github.com/jgthms/bulma,46792,46792,3931
guava,Google core libraries for Java,https://github.com/google/guava,46783,46783,10388
prometheus,The Prometheus monitoring system and time series database.,https://github.com/prometheus/prometheus,46739,46739,7871
funNLP,"ä¸­è‹±æ–‡æ•æ„Ÿè¯ã€è¯­è¨€æ£€æµ‹ã€ä¸­å¤–æ‰‹æœº/ç”µè¯å½’å±åœ°/è¿è¥å•†æŸ¥è¯¢ã€åå­—æ¨æ–­æ€§åˆ«ã€æ‰‹æœºå·æŠ½å–ã€èº«ä»½è¯æŠ½å–ã€é‚®ç®±æŠ½å–ã€ä¸­æ—¥æ–‡äººååº“ã€ä¸­æ–‡ç¼©å†™åº“ã€æ‹†å­—è¯å…¸ã€è¯æ±‡æƒ…æ„Ÿå€¼ã€åœç”¨è¯ã€ååŠ¨è¯è¡¨ã€æš´æè¯è¡¨ã€ç¹ç®€ä½“è½¬æ¢ã€è‹±æ–‡æ¨¡æ‹Ÿä¸­æ–‡å‘éŸ³ã€æ±ªå³°æ­Œè¯ç”Ÿæˆå™¨ã€èŒä¸šåç§°è¯åº“ã€åŒä¹‰è¯åº“ã€åä¹‰è¯åº“ã€å¦å®šè¯åº“ã€æ±½è½¦å“ç‰Œè¯åº“ã€æ±½è½¦é›¶ä»¶è¯åº“ã€è¿ç»­è‹±æ–‡åˆ‡å‰²ã€å„ç§ä¸­æ–‡è¯å‘é‡ã€å…¬å¸åå­—å¤§å…¨ã€å¤è¯—è¯åº“ã€ITè¯åº“ã€è´¢ç»è¯åº“ã€æˆè¯­è¯åº“ã€åœ°åè¯åº“ã€å†å²åäººè¯åº“ã€è¯—è¯è¯åº“ã€åŒ»å­¦è¯åº“ã€é¥®é£Ÿè¯åº“ã€æ³•å¾‹è¯åº“ã€æ±½è½¦è¯åº“ã€åŠ¨ç‰©è¯åº“ã€ä¸­æ–‡èŠå¤©è¯­æ–™ã€ä¸­æ–‡è°£è¨€æ•°æ®ã€ç™¾åº¦ä¸­æ–‡é—®ç­”æ•°æ®é›†ã€å¥å­ç›¸ä¼¼åº¦åŒ¹é…ç®—æ³•é›†åˆã€bertèµ„æºã€æ–‡æœ¬ç”Ÿæˆ&æ‘˜è¦ç›¸å…³å·¥å…·ã€cocoNLPä¿¡æ¯æŠ½å–å·¥å…·ã€å›½å†…ç”µè¯å·ç æ­£åˆ™åŒ¹é…ã€æ¸…åå¤§å­¦XLORE:ä¸­è‹±æ–‡è·¨è¯­è¨€ç™¾ç§‘çŸ¥è¯†å›¾è°±ã€æ¸…åå¤§å­¦äººå·¥æ™ºèƒ½æŠ€æœ¯ç³»åˆ—æŠ¥å‘Šã€è‡ªç„¶è¯­è¨€ç”Ÿæˆã€NLUå¤ªéš¾äº†ç³»åˆ—ã€è‡ªåŠ¨å¯¹è”æ•°æ®åŠæœºå™¨äººã€ç”¨æˆ·åé»‘åå•åˆ—è¡¨ã€ç½ªåæ³•åŠ¡åè¯åŠåˆ†ç±»æ¨¡å‹ã€å¾®ä¿¡å…¬ä¼—å·è¯­æ–™ã€cs224næ·±åº¦å­¦ä¹ è‡ªç„¶è¯­è¨€å¤„ç†è¯¾ç¨‹ã€ä¸­æ–‡æ‰‹å†™æ±‰å­—è¯†åˆ«ã€ä¸­æ–‡è‡ªç„¶è¯­è¨€å¤„ç† è¯­æ–™/æ•°æ®é›†ã€å˜é‡å‘½åç¥å™¨ã€åˆ†è¯è¯­æ–™åº“+ä»£ç ã€ä»»åŠ¡å‹å¯¹è¯è‹±æ–‡æ•°æ®é›†ã€ASR è¯­éŸ³æ•°æ®é›† + åŸºäºæ·±åº¦å­¦ä¹ çš„ä¸­æ–‡è¯­éŸ³è¯†åˆ«ç³»ç»Ÿã€ç¬‘å£°æ£€æµ‹å™¨ã€Microsoftå¤šè¯­è¨€æ•°å­—/å•ä½/å¦‚æ—¥æœŸæ—¶é—´è¯†åˆ«åŒ…ã€ä¸­åæ–°åå­—å…¸æ•°æ®åº“åŠapi(åŒ…æ‹¬å¸¸ç”¨æ­‡åè¯­ã€æˆè¯­ã€è¯è¯­å’Œæ±‰å­—)ã€æ–‡æ¡£å›¾è°±è‡ªåŠ¨ç”Ÿæˆã€SpaCy ä¸­æ–‡æ¨¡å‹ã€Common Voiceè¯­éŸ³è¯†åˆ«æ•°æ®é›†æ–°ç‰ˆã€ç¥ç»ç½‘ç»œå…³ç³»æŠ½å–ã€åŸºäºbertçš„å‘½åå®ä½“è¯†åˆ«ã€å…³é”®è¯(Keyphrase)æŠ½å–åŒ…pkeã€åŸºäºåŒ»ç–—é¢†åŸŸçŸ¥è¯†å›¾è°±çš„é—®ç­”ç³»ç»Ÿã€åŸºäºä¾å­˜å¥æ³•ä¸è¯­ä¹‰è§’è‰²æ ‡æ³¨çš„äº‹ä»¶ä¸‰å…ƒç»„æŠ½å–ã€ä¾å­˜å¥æ³•åˆ†æ4ä¸‡å¥é«˜è´¨é‡æ ‡æ³¨æ•°æ®ã€cnocrï¼šç”¨æ¥åšä¸­æ–‡OCRçš„Python3åŒ…ã€ä¸­æ–‡äººç‰©å…³ç³»çŸ¥è¯†å›¾è°±é¡¹ç›®ã€ä¸­æ–‡nlpç«èµ›é¡¹ç›®åŠä»£ç æ±‡æ€»ã€ä¸­æ–‡å­—ç¬¦æ•°æ®ã€speech-aligner: ä»â€œäººå£°è¯­éŸ³â€åŠå…¶â€œè¯­è¨€æ–‡æœ¬â€äº§ç”ŸéŸ³ç´ çº§åˆ«æ—¶é—´å¯¹é½æ ‡æ³¨çš„å·¥å…·ã€AmpliGraph: çŸ¥è¯†å›¾è°±è¡¨ç¤ºå­¦ä¹ (Python)åº“ï¼šçŸ¥è¯†å›¾è°±æ¦‚å¿µé“¾æ¥é¢„æµ‹ã€Scattertext æ–‡æœ¬å¯è§†åŒ–(python)ã€è¯­è¨€/çŸ¥è¯†è¡¨ç¤ºå·¥å…·ï¼šBERT & ERNIEã€ä¸­æ–‡å¯¹æ¯”è‹±æ–‡è‡ªç„¶è¯­è¨€å¤„ç†NLPçš„åŒºåˆ«ç»¼è¿°ã€Synonymsä¸­æ–‡è¿‘ä¹‰è¯å·¥å…·åŒ…ã€HarvestTexté¢†åŸŸè‡ªé€‚åº”æ–‡æœ¬æŒ–æ˜å·¥å…·ï¼ˆæ–°è¯å‘ç°-æƒ…æ„Ÿåˆ†æ-å®ä½“é“¾æ¥ç­‰ï¼‰ã€word2wordï¼š(Python)æ–¹ä¾¿æ˜“ç”¨çš„å¤šè¯­è¨€è¯-è¯å¯¹é›†ï¼š62ç§è¯­è¨€/3,564ä¸ªå¤šè¯­è¨€å¯¹ã€è¯­éŸ³è¯†åˆ«è¯­æ–™ç”Ÿæˆå·¥å…·ï¼šä»å…·æœ‰éŸ³é¢‘/å­—å¹•çš„åœ¨çº¿è§†é¢‘åˆ›å»ºè‡ªåŠ¨è¯­éŸ³è¯†åˆ«(ASR)è¯­æ–™åº“ã€æ„å»ºåŒ»ç–—å®ä½“è¯†åˆ«çš„æ¨¡å‹ï¼ˆåŒ…å«è¯å…¸å’Œè¯­æ–™æ ‡æ³¨ï¼‰ã€å•æ–‡æ¡£éç›‘ç£çš„å…³é”®è¯æŠ½å–ã€Kashgariä¸­ä½¿ç”¨gpt-2è¯­è¨€æ¨¡å‹ã€å¼€æºçš„é‡‘èæŠ•èµ„æ•°æ®æå–å·¥å…·ã€æ–‡æœ¬è‡ªåŠ¨æ‘˜è¦åº“TextTeaser: ä»…æ”¯æŒè‹±æ–‡ã€äººæ°‘æ—¥æŠ¥è¯­æ–™å¤„ç†å·¥å…·é›†ã€ä¸€äº›å…³äºè‡ªç„¶è¯­è¨€çš„åŸºæœ¬æ¨¡å‹ã€åŸºäº14Wæ­Œæ›²çŸ¥è¯†åº“çš„é—®ç­”å°è¯•--åŠŸèƒ½åŒ…æ‹¬æ­Œè¯æ¥é¾™andå·²çŸ¥æ­Œè¯æ‰¾æ­Œæ›²ä»¥åŠæ­Œæ›²æ­Œæ‰‹æ­Œè¯ä¸‰è§’å…³ç³»çš„é—®ç­”ã€åŸºäºSiamese bilstmæ¨¡å‹çš„ç›¸ä¼¼å¥å­åˆ¤å®šæ¨¡å‹å¹¶æä¾›è®­ç»ƒæ•°æ®é›†å’Œæµ‹è¯•æ•°æ®é›†ã€ç”¨Transformerç¼–è§£ç æ¨¡å‹å®ç°çš„æ ¹æ®Hacker Newsæ–‡ç« æ ‡é¢˜è‡ªåŠ¨ç”Ÿæˆè¯„è®ºã€ç”¨BERTè¿›è¡Œåºåˆ—æ ‡è®°å’Œæ–‡æœ¬åˆ†ç±»çš„æ¨¡æ¿ä»£ç ã€LitBankï¼šNLPæ•°æ®é›†â€”â€”æ”¯æŒè‡ªç„¶è¯­è¨€å¤„ç†å’Œè®¡ç®—äººæ–‡å­¦ç§‘ä»»åŠ¡çš„100éƒ¨å¸¦æ ‡è®°è‹±æ–‡å°è¯´è¯­æ–™ã€ç™¾åº¦å¼€æºçš„åŸºå‡†ä¿¡æ¯æŠ½å–ç³»ç»Ÿã€è™šå‡æ–°é—»æ•°æ®é›†ã€Facebook: LAMAè¯­è¨€æ¨¡å‹åˆ†æï¼Œæä¾›Transformer-XL/BERT/ELMo/GPTé¢„è®­ç»ƒè¯­è¨€æ¨¡å‹çš„ç»Ÿä¸€è®¿é—®æ¥å£ã€CommonsenseQAï¼šé¢å‘å¸¸è¯†çš„è‹±æ–‡QAæŒ‘æˆ˜ã€ä¸­æ–‡çŸ¥è¯†å›¾è°±èµ„æ–™ã€æ•°æ®åŠå·¥å…·ã€å„å¤§å…¬å¸å†…éƒ¨é‡Œå¤§ç‰›åˆ†äº«çš„æŠ€æœ¯æ–‡æ¡£ PDF æˆ–è€… PPTã€è‡ªç„¶è¯­è¨€ç”ŸæˆSQLè¯­å¥ï¼ˆè‹±æ–‡ï¼‰ã€ä¸­æ–‡NLPæ•°æ®å¢å¼ºï¼ˆEDAï¼‰å·¥å…·ã€è‹±æ–‡NLPæ•°æ®å¢å¼ºå·¥å…· ã€åŸºäºåŒ»è¯çŸ¥è¯†å›¾è°±çš„æ™ºèƒ½é—®ç­”ç³»ç»Ÿã€äº¬ä¸œå•†å“çŸ¥è¯†å›¾è°±ã€åŸºäºmongodbå­˜å‚¨çš„å†›äº‹é¢†åŸŸçŸ¥è¯†å›¾è°±é—®ç­”é¡¹ç›®ã€åŸºäºè¿œç›‘ç£çš„ä¸­æ–‡å…³ç³»æŠ½å–ã€è¯­éŸ³æƒ…æ„Ÿåˆ†æã€ä¸­æ–‡ULMFiT-æƒ…æ„Ÿåˆ†æ-æ–‡æœ¬åˆ†ç±»-è¯­æ–™åŠæ¨¡å‹ã€ä¸€ä¸ªæ‹ç…§åšé¢˜ç¨‹åºã€ä¸–ç•Œå„å›½å¤§è§„æ¨¡äººååº“ã€ä¸€ä¸ªåˆ©ç”¨æœ‰è¶£ä¸­æ–‡è¯­æ–™åº“ qingyun è®­ç»ƒå‡ºæ¥çš„ä¸­æ–‡èŠå¤©æœºå™¨äººã€ä¸­æ–‡èŠå¤©æœºå™¨äººseqGANã€çœå¸‚åŒºé•‡è¡Œæ”¿åŒºåˆ’æ•°æ®å¸¦æ‹¼éŸ³æ ‡æ³¨ã€æ•™è‚²è¡Œä¸šæ–°é—»è¯­æ–™åº“åŒ…å«è‡ªåŠ¨æ–‡æ‘˜åŠŸèƒ½ã€å¼€æ”¾äº†å¯¹è¯æœºå™¨äºº-çŸ¥è¯†å›¾è°±-è¯­ä¹‰ç†è§£-è‡ªç„¶è¯­è¨€å¤„ç†å·¥å…·åŠæ•°æ®ã€ä¸­æ–‡çŸ¥è¯†å›¾è°±ï¼šåŸºäºç™¾åº¦ç™¾ç§‘ä¸­æ–‡é¡µé¢-æŠ½å–ä¸‰å…ƒç»„ä¿¡æ¯-æ„å»ºä¸­æ–‡çŸ¥è¯†å›¾è°±ã€masr: ä¸­æ–‡è¯­éŸ³è¯†åˆ«-æä¾›é¢„è®­ç»ƒæ¨¡å‹-é«˜è¯†åˆ«ç‡ã€PythonéŸ³é¢‘æ•°æ®å¢å¹¿åº“ã€ä¸­æ–‡å…¨è¯è¦†ç›–BERTåŠä¸¤ä»½é˜…è¯»ç†è§£æ•°æ®ã€ConvLabï¼šå¼€æºå¤šåŸŸç«¯åˆ°ç«¯å¯¹è¯ç³»ç»Ÿå¹³å°ã€ä¸­æ–‡è‡ªç„¶è¯­è¨€å¤„ç†æ•°æ®é›†ã€åŸºäºæœ€æ–°ç‰ˆæœ¬rasaæ­å»ºçš„å¯¹è¯ç³»ç»Ÿã€åŸºäºTensorFlowå’ŒBERTçš„ç®¡é“å¼å®ä½“åŠå…³ç³»æŠ½å–ã€ä¸€ä¸ªå°å‹çš„è¯åˆ¸çŸ¥è¯†å›¾è°±/çŸ¥è¯†åº“ã€å¤ç›˜æ‰€æœ‰NLPæ¯”èµ›çš„TOPæ–¹æ¡ˆã€OpenCLaPï¼šå¤šé¢†åŸŸå¼€æºä¸­æ–‡é¢„è®­ç»ƒè¯­è¨€æ¨¡å‹ä»“åº“ã€UERï¼šåŸºäºä¸åŒè¯­æ–™+ç¼–ç å™¨+ç›®æ ‡ä»»åŠ¡çš„ä¸­æ–‡é¢„è®­ç»ƒæ¨¡å‹ä»“åº“ã€ä¸­æ–‡è‡ªç„¶è¯­è¨€å¤„ç†å‘é‡åˆé›†ã€åŸºäºé‡‘è-å¸æ³•é¢†åŸŸ(å…¼æœ‰é—²èŠæ€§è´¨)çš„èŠå¤©æœºå™¨äººã€g2pCï¼šåŸºäºä¸Šä¸‹æ–‡çš„æ±‰è¯­è¯»éŸ³è‡ªåŠ¨æ ‡è®°æ¨¡å—ã€Zincbase çŸ¥è¯†å›¾è°±æ„å»ºå·¥å…·åŒ…ã€è¯—æ­Œè´¨é‡è¯„ä»·/ç»†ç²’åº¦æƒ…æ„Ÿè¯—æ­Œè¯­æ–™åº“ã€å¿«é€Ÿè½¬åŒ–ã€Œä¸­æ–‡æ•°å­—ã€å’Œã€Œé˜¿æ‹‰ä¼¯æ•°å­—ã€ã€ç™¾åº¦çŸ¥é“é—®ç­”è¯­æ–™åº“ã€åŸºäºçŸ¥è¯†å›¾è°±çš„é—®ç­”ç³»ç»Ÿã€jieba_fast åŠ é€Ÿç‰ˆçš„jiebaã€æ­£åˆ™è¡¨è¾¾å¼æ•™ç¨‹ã€ä¸­æ–‡é˜…è¯»ç†è§£æ•°æ®é›†ã€åŸºäºBERTç­‰æœ€æ–°è¯­è¨€æ¨¡å‹çš„æŠ½å–å¼æ‘˜è¦æå–ã€Pythonåˆ©ç”¨æ·±åº¦å­¦ä¹ è¿›è¡Œæ–‡æœ¬æ‘˜è¦çš„ç»¼åˆæŒ‡å—ã€çŸ¥è¯†å›¾è°±æ·±åº¦å­¦ä¹ ç›¸å…³èµ„æ–™æ•´ç†ã€ç»´åŸºå¤§è§„æ¨¡å¹³è¡Œæ–‡æœ¬è¯­æ–™ã€StanfordNLP 0.2.0ï¼šçº¯Pythonç‰ˆè‡ªç„¶è¯­è¨€å¤„ç†åŒ…ã€NeuralNLP-NeuralClassifierï¼šè…¾è®¯å¼€æºæ·±åº¦å­¦ä¹ æ–‡æœ¬åˆ†ç±»å·¥å…·ã€ç«¯åˆ°ç«¯çš„å°é—­åŸŸå¯¹è¯ç³»ç»Ÿã€ä¸­æ–‡å‘½åå®ä½“è¯†åˆ«ï¼šNeuroNER vs. BertNERã€æ–°é—»äº‹ä»¶çº¿ç´¢æŠ½å–ã€2019å¹´ç™¾åº¦çš„ä¸‰å…ƒç»„æŠ½å–æ¯”èµ›ï¼šâ€œç§‘å­¦ç©ºé—´é˜Ÿâ€æºç ã€åŸºäºä¾å­˜å¥æ³•çš„å¼€æ”¾åŸŸæ–‡æœ¬çŸ¥è¯†ä¸‰å…ƒç»„æŠ½å–å’ŒçŸ¥è¯†åº“æ„å»ºã€ä¸­æ–‡çš„GPT2è®­ç»ƒä»£ç ã€ML-NLP - æœºå™¨å­¦ä¹ (Machine Learning)NLPé¢è¯•ä¸­å¸¸è€ƒåˆ°çš„çŸ¥è¯†ç‚¹å’Œä»£ç å®ç°ã€nlp4han:ä¸­æ–‡è‡ªç„¶è¯­è¨€å¤„ç†å·¥å…·é›†(æ–­å¥/åˆ†è¯/è¯æ€§æ ‡æ³¨/ç»„å—/å¥æ³•åˆ†æ/è¯­ä¹‰åˆ†æ/NER/Nå…ƒè¯­æ³•/HMM/ä»£è¯æ¶ˆè§£/æƒ…æ„Ÿåˆ†æ/æ‹¼å†™æ£€æŸ¥ã€XLMï¼šFacebookçš„è·¨è¯­è¨€é¢„è®­ç»ƒè¯­è¨€æ¨¡å‹ã€ç”¨åŸºäºBERTçš„å¾®è°ƒå’Œç‰¹å¾æå–æ–¹æ³•æ¥è¿›è¡ŒçŸ¥è¯†å›¾è°±ç™¾åº¦ç™¾ç§‘äººç‰©è¯æ¡å±æ€§æŠ½å–ã€ä¸­æ–‡è‡ªç„¶è¯­è¨€å¤„ç†ç›¸å…³çš„å¼€æ”¾ä»»åŠ¡-æ•°æ®é›†-å½“å‰æœ€ä½³ç»“æœã€CoupletAI - åŸºäºCNN+Bi-LSTM+Attention çš„è‡ªåŠ¨å¯¹å¯¹è”ç³»ç»Ÿã€æŠ½è±¡çŸ¥è¯†å›¾è°±ã€MiningZhiDaoQACorpus - 580ä¸‡ç™¾åº¦çŸ¥é“é—®ç­”æ•°æ®æŒ–æ˜é¡¹ç›®ã€brat rapid annotation tool: åºåˆ—æ ‡æ³¨å·¥å…·ã€å¤§è§„æ¨¡ä¸­æ–‡çŸ¥è¯†å›¾è°±æ•°æ®ï¼š1.4äº¿å®ä½“ã€æ•°æ®å¢å¼ºåœ¨æœºå™¨ç¿»è¯‘åŠå…¶ä»–nlpä»»åŠ¡ä¸­çš„åº”ç”¨åŠæ•ˆæœã€allennlpé˜…è¯»ç†è§£:æ”¯æŒå¤šç§æ•°æ®å’Œæ¨¡å‹ã€PDFè¡¨æ ¼æ•°æ®æå–å·¥å…· ã€ Graphbrainï¼šAIå¼€æºè½¯ä»¶åº“å’Œç§‘ç ”å·¥å…·ï¼Œç›®çš„æ˜¯ä¿ƒè¿›è‡ªåŠ¨æ„ä¹‰æå–å’Œæ–‡æœ¬ç†è§£ä»¥åŠçŸ¥è¯†çš„æ¢ç´¢å’Œæ¨æ–­ã€ç®€å†è‡ªåŠ¨ç­›é€‰ç³»ç»Ÿã€åŸºäºå‘½åå®ä½“è¯†åˆ«çš„ç®€å†è‡ªåŠ¨æ‘˜è¦ã€ä¸­æ–‡è¯­è¨€ç†è§£æµ‹è¯„åŸºå‡†ï¼ŒåŒ…æ‹¬ä»£è¡¨æ€§çš„æ•°æ®é›†&åŸºå‡†æ¨¡å‹&è¯­æ–™åº“&æ’è¡Œæ¦œã€æ ‘æ´ OCR æ–‡å­—è¯†åˆ« ã€ä»åŒ…å«è¡¨æ ¼çš„æ‰«æå›¾ç‰‡ä¸­è¯†åˆ«è¡¨æ ¼å’Œæ–‡å­—ã€è¯­å£°è¿ç§»ã€Pythonå£è¯­è‡ªç„¶è¯­è¨€å¤„ç†å·¥å…·é›†(è‹±æ–‡)ã€ similarityï¼šç›¸ä¼¼åº¦è®¡ç®—å·¥å…·åŒ…ï¼Œjavaç¼–å†™ã€æµ·é‡ä¸­æ–‡é¢„è®­ç»ƒALBERTæ¨¡å‹ ã€Transformers 2.0 ã€åŸºäºå¤§è§„æ¨¡éŸ³é¢‘æ•°æ®é›†Audiosetçš„éŸ³é¢‘å¢å¼º ã€Poplarï¼šç½‘é¡µç‰ˆè‡ªç„¶è¯­è¨€æ ‡æ³¨å·¥å…·ã€å›¾ç‰‡æ–‡å­—å»é™¤ï¼Œå¯ç”¨äºæ¼«ç”»ç¿»è¯‘ ã€186ç§è¯­è¨€çš„æ•°å­—å«æ³•åº“ã€Amazonå‘å¸ƒåŸºäºçŸ¥è¯†çš„äºº-äººå¼€æ”¾é¢†åŸŸå¯¹è¯æ•°æ®é›† ã€ä¸­æ–‡æ–‡æœ¬çº é”™æ¨¡å—ä»£ç ã€ç¹ç®€ä½“è½¬æ¢ ã€ Pythonå®ç°çš„å¤šç§æ–‡æœ¬å¯è¯»æ€§è¯„ä»·æŒ‡æ ‡ã€ç±»ä¼¼äºäººå/åœ°å/ç»„ç»‡æœºæ„åçš„å‘½åä½“è¯†åˆ«æ•°æ®é›† ã€ä¸œå—å¤§å­¦ã€ŠçŸ¥è¯†å›¾è°±ã€‹ç ”ç©¶ç”Ÿè¯¾ç¨‹(èµ„æ–™)ã€. è‹±æ–‡æ‹¼å†™æ£€æŸ¥åº“ ã€ wwsearchæ˜¯ä¼ä¸šå¾®ä¿¡åå°è‡ªç ”çš„å…¨æ–‡æ£€ç´¢å¼•æ“ã€CHAMELEONï¼šæ·±åº¦å­¦ä¹ æ–°é—»æ¨èç³»ç»Ÿå…ƒæ¶æ„ ã€ 8ç¯‡è®ºæ–‡æ¢³ç†BERTç›¸å…³æ¨¡å‹è¿›å±•ä¸åæ€ã€DocSearchï¼šå…è´¹æ–‡æ¡£æœç´¢å¼•æ“ã€ LIDAï¼šè½»é‡äº¤äº’å¼å¯¹è¯æ ‡æ³¨å·¥å…· ã€aili - the fastest in-memory index in the East ä¸œåŠçƒæœ€å¿«å¹¶å‘ç´¢å¼• ã€çŸ¥è¯†å›¾è°±è½¦éŸ³å·¥ä½œé¡¹ç›®ã€è‡ªç„¶è¯­è¨€ç”Ÿæˆèµ„æºå¤§å…¨ ã€ä¸­æ—¥éŸ©åˆ†è¯åº“mecabçš„Pythonæ¥å£åº“ã€ä¸­æ–‡æ–‡æœ¬æ‘˜è¦/å…³é”®è¯æå–ã€æ±‰å­—å­—ç¬¦ç‰¹å¾æå–å™¨ (featurizer)ï¼Œæå–æ±‰å­—çš„ç‰¹å¾ï¼ˆå‘éŸ³ç‰¹å¾ã€å­—å½¢ç‰¹å¾ï¼‰ç”¨åšæ·±åº¦å­¦ä¹ çš„ç‰¹å¾ã€ä¸­æ–‡ç”Ÿæˆä»»åŠ¡åŸºå‡†æµ‹è¯„ ã€ä¸­æ–‡ç¼©å†™æ•°æ®é›†ã€ä¸­æ–‡ä»»åŠ¡åŸºå‡†æµ‹è¯„ - ä»£è¡¨æ€§çš„æ•°æ®é›†-åŸºå‡†(é¢„è®­ç»ƒ)æ¨¡å‹-è¯­æ–™åº“-baseline-å·¥å…·åŒ…-æ’è¡Œæ¦œã€PySS3ï¼šé¢å‘å¯è§£é‡ŠAIçš„SS3æ–‡æœ¬åˆ†ç±»å™¨æœºå™¨å¯è§†åŒ–å·¥å…· ã€ä¸­æ–‡NLPæ•°æ®é›†åˆ—è¡¨ã€COPE - æ ¼å¾‹è¯—ç¼–è¾‘ç¨‹åºã€doccanoï¼šåŸºäºç½‘é¡µçš„å¼€æºååŒå¤šè¯­è¨€æ–‡æœ¬æ ‡æ³¨å·¥å…· ã€PreNLPï¼šè‡ªç„¶è¯­è¨€é¢„å¤„ç†åº“ã€ç®€å•çš„ç®€å†è§£æå™¨ï¼Œç”¨æ¥ä»ç®€å†ä¸­æå–å…³é”®ä¿¡æ¯ã€ç”¨äºä¸­æ–‡é—²èŠçš„GPT2æ¨¡å‹ï¼šGPT2-chitchatã€åŸºäºæ£€ç´¢èŠå¤©æœºå™¨äººå¤šè½®å“åº”é€‰æ‹©ç›¸å…³èµ„æºåˆ—è¡¨(Leaderboardsã€Datasetsã€Papers)ã€(Colab)æŠ½è±¡æ–‡æœ¬æ‘˜è¦å®ç°é›†é”¦(æ•™ç¨‹ ã€è¯è¯­æ‹¼éŸ³æ•°æ®ã€é«˜æ•ˆæ¨¡ç³Šæœç´¢å·¥å…·ã€NLPæ•°æ®å¢å¹¿èµ„æºé›†ã€å¾®è½¯å¯¹è¯æœºå™¨äººæ¡†æ¶ ã€ GitHub Typo Corpusï¼šå¤§è§„æ¨¡GitHubå¤šè¯­è¨€æ‹¼å†™é”™è¯¯/è¯­æ³•é”™è¯¯æ•°æ®é›†ã€TextClusterï¼šçŸ­æ–‡æœ¬èšç±»é¢„å¤„ç†æ¨¡å— Short text clusterã€é¢å‘è¯­éŸ³è¯†åˆ«çš„ä¸­æ–‡æ–‡æœ¬è§„èŒƒåŒ–ã€BLINKï¼šæœ€å…ˆè¿›çš„å®ä½“é“¾æ¥åº“ã€BertPuncï¼šåŸºäºBERTçš„æœ€å…ˆè¿›æ ‡ç‚¹ä¿®å¤æ¨¡å‹ã€Tokenizerï¼šå¿«é€Ÿã€å¯å®šåˆ¶çš„æ–‡æœ¬è¯æ¡åŒ–åº“ã€ä¸­æ–‡è¯­è¨€ç†è§£æµ‹è¯„åŸºå‡†ï¼ŒåŒ…æ‹¬ä»£è¡¨æ€§çš„æ•°æ®é›†ã€åŸºå‡†(é¢„è®­ç»ƒ)æ¨¡å‹ã€è¯­æ–™åº“ã€æ’è¡Œæ¦œã€spaCy åŒ»å­¦æ–‡æœ¬æŒ–æ˜ä¸ä¿¡æ¯æå– ã€ NLPä»»åŠ¡ç¤ºä¾‹é¡¹ç›®ä»£ç é›†ã€ pythonæ‹¼å†™æ£€æŸ¥åº“ã€chatbot-list - è¡Œä¸šå†…å…³äºæ™ºèƒ½å®¢æœã€èŠå¤©æœºå™¨äººçš„åº”ç”¨å’Œæ¶æ„ã€ç®—æ³•åˆ†äº«å’Œä»‹ç»ã€è¯­éŸ³è´¨é‡è¯„ä»·æŒ‡æ ‡(MOSNet, BSSEval, STOI, PESQ, SRMR)ã€ ç”¨138GBè¯­æ–™è®­ç»ƒçš„æ³•æ–‡RoBERTaé¢„è®­ç»ƒè¯­è¨€æ¨¡å‹ ã€BERT-NER-Pytorchï¼šä¸‰ç§ä¸åŒæ¨¡å¼çš„BERTä¸­æ–‡NERå®éªŒã€æ— é“è¯å…¸ - æœ‰é“è¯å…¸çš„å‘½ä»¤è¡Œç‰ˆæœ¬ï¼Œæ”¯æŒè‹±æ±‰äº’æŸ¥å’Œåœ¨çº¿æŸ¥è¯¢ã€2019å¹´NLPäº®ç‚¹å›é¡¾ã€ Chinese medical dialogue data ä¸­æ–‡åŒ»ç–—å¯¹è¯æ•°æ®é›† ã€æœ€å¥½çš„æ±‰å­—æ•°å­—(ä¸­æ–‡æ•°å­—)-é˜¿æ‹‰ä¼¯æ•°å­—è½¬æ¢å·¥å…·ã€ åŸºäºç™¾ç§‘çŸ¥è¯†åº“çš„ä¸­æ–‡è¯è¯­å¤šè¯ä¹‰/ä¹‰é¡¹è·å–ä¸ç‰¹å®šå¥å­è¯è¯­è¯­ä¹‰æ¶ˆæ­§ã€awesome-nlp-sentiment-analysis - æƒ…æ„Ÿåˆ†æã€æƒ…ç»ªåŸå› è¯†åˆ«ã€è¯„ä»·å¯¹è±¡å’Œè¯„ä»·è¯æŠ½å–ã€LineFlowï¼šé¢å‘æ‰€æœ‰æ·±åº¦å­¦ä¹ æ¡†æ¶çš„NLPæ•°æ®é«˜æ•ˆåŠ è½½å™¨ã€ä¸­æ–‡åŒ»å­¦NLPå…¬å¼€èµ„æºæ•´ç† ã€MedQuADï¼š(è‹±æ–‡)åŒ»å­¦é—®ç­”æ•°æ®é›†ã€å°†è‡ªç„¶è¯­è¨€æ•°å­—ä¸²è§£æè½¬æ¢ä¸ºæ•´æ•°å’Œæµ®ç‚¹æ•°ã€Transfer Learning in Natural Language Processing (NLP) ã€é¢å‘è¯­éŸ³è¯†åˆ«çš„ä¸­æ–‡/è‹±æ–‡å‘éŸ³è¾å…¸ã€Tokenizersï¼šæ³¨é‡æ€§èƒ½ä¸å¤šåŠŸèƒ½æ€§çš„æœ€å…ˆè¿›åˆ†è¯å™¨ã€CLUENER ç»†ç²’åº¦å‘½åå®ä½“è¯†åˆ« Fine Grained Named Entity Recognitionã€ åŸºäºBERTçš„ä¸­æ–‡å‘½åå®ä½“è¯†åˆ«ã€ä¸­æ–‡è°£è¨€æ•°æ®åº“ã€NLPæ•°æ®é›†/åŸºå‡†ä»»åŠ¡å¤§åˆ—è¡¨ã€nlpç›¸å…³çš„ä¸€äº›è®ºæ–‡åŠä»£ç , åŒ…æ‹¬ä¸»é¢˜æ¨¡å‹ã€è¯å‘é‡(Word Embedding)ã€å‘½åå®ä½“è¯†åˆ«(NER)ã€æ–‡æœ¬åˆ†ç±»(Text Classificatin)ã€æ–‡æœ¬ç”Ÿæˆ(Text Generation)ã€æ–‡æœ¬ç›¸ä¼¼æ€§(Text Similarity)è®¡ç®—ç­‰ï¼Œæ¶‰åŠåˆ°å„ç§ä¸nlpç›¸å…³çš„ç®—æ³•ï¼ŒåŸºäºkeraså’Œtensorflow ã€Pythonæ–‡æœ¬æŒ–æ˜/NLPå®æˆ˜ç¤ºä¾‹ã€ Blackstoneï¼šé¢å‘éç»“æ„åŒ–æ³•å¾‹æ–‡æœ¬çš„spaCy pipelineå’ŒNLPæ¨¡å‹é€šè¿‡åŒä¹‰è¯æ›¿æ¢å®ç°æ–‡æœ¬â€œå˜è„¸â€ ã€ä¸­æ–‡ é¢„è®­ç»ƒ ELECTREA æ¨¡å‹: åŸºäºå¯¹æŠ—å­¦ä¹  pretrain Chinese Model ã€albert-chinese-ner - ç”¨é¢„è®­ç»ƒè¯­è¨€æ¨¡å‹ALBERTåšä¸­æ–‡NER ã€åŸºäºGPT2çš„ç‰¹å®šä¸»é¢˜æ–‡æœ¬ç”Ÿæˆ/æ–‡æœ¬å¢å¹¿ã€å¼€æºé¢„è®­ç»ƒè¯­è¨€æ¨¡å‹åˆé›†ã€å¤šè¯­è¨€å¥å‘é‡åŒ…ã€ç¼–ç ã€æ ‡è®°å’Œå®ç°ï¼šä¸€ç§å¯æ§é«˜æ•ˆçš„æ–‡æœ¬ç”Ÿæˆæ–¹æ³•ã€ è‹±æ–‡è„è¯å¤§åˆ—è¡¨ ã€attnvisï¼šGPT2ã€BERTç­‰transformerè¯­è¨€æ¨¡å‹æ³¨æ„åŠ›äº¤äº’å¯è§†åŒ–ã€CoVoSTï¼šFacebookå‘å¸ƒçš„å¤šè¯­ç§è¯­éŸ³-æ–‡æœ¬ç¿»è¯‘è¯­æ–™åº“ï¼ŒåŒ…æ‹¬11ç§è¯­è¨€(æ³•è¯­ã€å¾·è¯­ã€è·å…°è¯­ã€ä¿„è¯­ã€è¥¿ç­ç‰™è¯­ã€æ„å¤§åˆ©è¯­ã€åœŸè€³å…¶è¯­ã€æ³¢æ–¯è¯­ã€ç‘å…¸è¯­ã€è’™å¤è¯­å’Œä¸­æ–‡)çš„è¯­éŸ³ã€æ–‡å­—è½¬å½•åŠè‹±æ–‡è¯‘æ–‡ã€Jiaguè‡ªç„¶è¯­è¨€å¤„ç†å·¥å…· - ä»¥BiLSTMç­‰æ¨¡å‹ä¸ºåŸºç¡€ï¼Œæä¾›çŸ¥è¯†å›¾è°±å…³ç³»æŠ½å– ä¸­æ–‡åˆ†è¯ è¯æ€§æ ‡æ³¨ å‘½åå®ä½“è¯†åˆ« æƒ…æ„Ÿåˆ†æ æ–°è¯å‘ç° å…³é”®è¯ æ–‡æœ¬æ‘˜è¦ æ–‡æœ¬èšç±»ç­‰åŠŸèƒ½ã€ç”¨unetå®ç°å¯¹æ–‡æ¡£è¡¨æ ¼çš„è‡ªåŠ¨æ£€æµ‹ï¼Œè¡¨æ ¼é‡å»ºã€NLPäº‹ä»¶æå–æ–‡çŒ®èµ„æºåˆ—è¡¨ ã€ é‡‘èé¢†åŸŸè‡ªç„¶è¯­è¨€å¤„ç†ç ”ç©¶èµ„æºå¤§åˆ—è¡¨ã€CLUEDatasetSearch - ä¸­è‹±æ–‡NLPæ•°æ®é›†ï¼šæœç´¢æ‰€æœ‰ä¸­æ–‡NLPæ•°æ®é›†ï¼Œé™„å¸¸ç”¨è‹±æ–‡NLPæ•°æ®é›† ã€medical_NER - ä¸­æ–‡åŒ»å­¦çŸ¥è¯†å›¾è°±å‘½åå®ä½“è¯†åˆ« ã€(å“ˆä½›)è®²å› æœæ¨ç†çš„å…è´¹ä¹¦ã€çŸ¥è¯†å›¾è°±ç›¸å…³å­¦ä¹ èµ„æ–™/æ•°æ®é›†/å·¥å…·èµ„æºå¤§åˆ—è¡¨ã€Forteï¼šçµæ´»å¼ºå¤§çš„è‡ªç„¶è¯­è¨€å¤„ç†pipelineå·¥å…·é›† ã€Pythonå­—ç¬¦ä¸²ç›¸ä¼¼æ€§ç®—æ³•åº“ã€PyLaiaï¼šé¢å‘æ‰‹å†™æ–‡æ¡£åˆ†æçš„æ·±åº¦å­¦ä¹ å·¥å…·åŒ…ã€TextFoolerï¼šé’ˆå¯¹æ–‡æœ¬åˆ†ç±»/æ¨ç†çš„å¯¹æŠ—æ–‡æœ¬ç”Ÿæˆæ¨¡å—ã€Haystackï¼šçµæ´»ã€å¼ºå¤§çš„å¯æ‰©å±•é—®ç­”(QA)æ¡†æ¶ã€ä¸­æ–‡å…³é”®çŸ­è¯­æŠ½å–å·¥å…·",https://github.com/fighting41love/funNLP,46709,46709,12041
you-get,:arrow_double_down: Dumb downloader that scrapes the web,https://github.com/soimort/you-get,46679,46679,9164
scrapy,"Scrapy, a fast high-level web crawling & scraping framework for Python.",https://github.com/scrapy/scrapy,46156,46156,9859
jekyll,:globe_with_meridians: Jekyll is a blog-aware static site generator in Ruby,https://github.com/jekyll/jekyll,46073,46073,9989
localstack,ğŸ’»  A fully functional local AWS cloud stack. Develop and test your cloud & Serverless apps offline!,https://github.com/localstack/localstack,45893,45893,3477
caddy,Fast and extensible multi-platform HTTP/1-2-3 web server with automatic HTTPS,https://github.com/caddyserver/caddy,45864,45864,3540
obs-studio,OBS Studio - Free and open source software for live streaming and screen recording,https://github.com/obsproject/obs-studio,45720,45720,6631
supabase,The open source Firebase alternative. Follow to stay updated about our public Beta.,https://github.com/supabase/supabase,45706,45706,3075
awesome-courses,:books: List of awesome university courses for learning Computer Science!,https://github.com/prakhar1989/awesome-courses,45576,45576,7946
hacker-scripts,Based on a true story,https://github.com/NARKOZ/hacker-scripts,45451,45451,6709
awesome-android-ui,A curated list of awesome Android UI/UX libraries,https://github.com/wasabeef/awesome-android-ui,45445,45445,10262
Ventoy,A new bootable USB solution.,https://github.com/ventoy/Ventoy,45419,45419,3217
imgui,Dear ImGui: Bloat-free Graphical User interface for C++ with minimal dependencies,https://github.com/ocornut/imgui,45418,45418,7986
awesome-flutter,"An awesome list that curates the best Flutter libraries, tools, tutorials, articles and more.",https://github.com/Solido/awesome-flutter,45377,45377,6235
PayloadsAllTheThings,A list of useful payloads and bypass for Web Application Security and Pentest/CTF,https://github.com/swisskyrepo/PayloadsAllTheThings,45245,45245,12037
git,Git Source Code Mirror - This is a publish-only repository but pull requests can be turned into patches to the mailing list via GitGitGadget (https://gitgitgadget.github.io/). Please follow Documentation/SubmittingPatches procedure for any of your improvements.,https://github.com/git/git,45244,45244,24672
clash_for_windows_pkg,A Windows/macOS GUI based on Clash,https://github.com/Fndroid/clash_for_windows_pkg,45156,45156,5700
prettier,Prettier is an opinionated code formatter.,https://github.com/prettier/prettier,44865,44865,3742
SecLists,"SecLists is the security tester's companion. It's a collection of multiple types of lists used during security assessments, collected in one place. List types include usernames, passwords, URLs, sensitive data patterns, fuzzing payloads, web shells, and many more.",https://github.com/danielmiessler/SecLists,44851,44851,22263
alacritty,"A cross-platform, OpenGL terminal emulator.",https://github.com/alacritty/alacritty,44800,44800,2671
ML-For-Beginners,"12 weeks, 26 lessons, 52 quizzes, classic Machine Learning for all",https://github.com/microsoft/ML-For-Beginners,44796,44796,9242
big-list-of-naughty-strings,The Big List of Naughty Strings is a list of strings which have a high probability of causing issues when used as user-input data.,https://github.com/minimaxir/big-list-of-naughty-strings,44566,44566,2122
anime,JavaScript animation engine,https://github.com/juliangarnier/anime,44422,44422,3642
serverless,"âš¡ Serverless Framework â€“ Build web, mobile and IoT applications with serverless architectures using AWS Lambda, Azure Functions, Google CloudFunctions & more! â€“ ",https://github.com/serverless/serverless,44233,44233,5493
kotlin,The Kotlin Programming Language. ,https://github.com/JetBrains/kotlin,43915,43915,5426
awesome-cpp,"A curated list of awesome C++ (or C) frameworks, libraries, resources, and shiny things. Inspired by awesome-... stuff.",https://github.com/fffaraz/awesome-cpp,43804,43804,6792
awesome-scalability,"The Patterns of Scalable, Reliable, and Performant Large-Scale Systems",https://github.com/binhnguyennus/awesome-scalability,43646,43646,4944
learn-regex,Learn regex the easy way,https://github.com/ziishaned/learn-regex,43575,43575,6211
nuxt,"Nuxt is an intuitive and extendable way to create type-safe, performant and production-grade full-stack web apps and websites with Vue 3.",https://github.com/nuxt/nuxt,43572,43572,3515
faceswap,Deepfakes Software For All,https://github.com/deepfakes/faceswap,43545,43545,12104
okhttp,"Squareâ€™s meticulous HTTP client for the JVM, Android, and GraalVM.",https://github.com/square/okhttp,43541,43541,9013
meteor,"Meteor, the JavaScript App Platform",https://github.com/meteor/meteor,43282,43282,5235
tldr,ğŸ“š Collaborative cheatsheets for console commands,https://github.com/tldr-pages/tldr,43093,43093,3577
tabby,A terminal for a more modern age,https://github.com/Eugeny/tabby,43043,43043,2630
DefinitelyTyped,The repository for high quality TypeScript type definitions.,https://github.com/DefinitelyTyped/DefinitelyTyped,42818,42818,28690
cypress,"Fast, easy and reliable testing for anything that runs in a browser.",https://github.com/cypress-io/cypress,42606,42606,2716
etcd,Distributed reliable key-value store for the most critical data of a distributed system,https://github.com/etcd-io/etcd,42600,42600,9072
TensorFlow-Examples,TensorFlow Tutorial and Examples for Beginners (support TF v1 & v2),https://github.com/aymericdamien/TensorFlow-Examples,42565,42565,15157
Ghost,"Turn your audience into a business. Publishing, memberships, subscriptions and newsletters.",https://github.com/TryGhost/Ghost,42457,42457,9157
algorithm-visualizer,:fireworks:Interactive Online Platform that Visualizes Algorithms from Code,https://github.com/algorithm-visualizer/algorithm-visualizer,42241,42241,6757
architecture-samples,A collection of samples to discuss and showcase different architectural tools and patterns for Android apps.,https://github.com/android/architecture-samples,42236,42236,11445
dayjs,â° Day.js 2kB immutable date-time library alternative to Moment.js with the same modern API,https://github.com/iamkun/dayjs,42210,42210,2134
docusaurus,Easy to maintain open source documentation websites.,https://github.com/facebook/docusaurus,42181,42181,6490
AdminLTE,AdminLTE - Free admin dashboard template based on Bootstrap 4,https://github.com/ColorlibHQ/AdminLTE,42100,42100,17962
rich,Rich is a Python library for rich text and beautiful formatting in the terminal.,https://github.com/Textualize/rich,42054,42054,1495
parcel,The zero configuration build tool for the web. ğŸ“¦ğŸš€,https://github.com/parcel-bundler/parcel,42005,42005,2244
awesome-ios,"A curated list of awesome iOS ecosystem, including Objective-C and Swift Projects ",https://github.com/vsouza/awesome-ios,41924,41924,6700
babel,ğŸ  Babel is a compiler for writing next generation JavaScript.,https://github.com/babel/babel,41910,41910,5557
nerd-fonts,"Iconic font aggregator, collection, & patcher. 3,600+ icons, 50+ patched fonts: Hack, Source Code Pro, more. Glyph collections: Font Awesome, Material Design Icons, Octicons, & more",https://github.com/ryanoasis/nerd-fonts,41645,41645,3212
gogs,Gogs is a painless self-hosted Git service,https://github.com/gogs/gogs,41628,41628,4684
julia,The Julia Programming Language,https://github.com/JuliaLang/julia,41623,41623,5116
build-web-application-with-golang,A golang ebook intro how to build a web with golang,https://github.com/astaxie/build-web-application-with-golang,41598,41598,10697
excalidraw,Virtual whiteboard for sketching hand-drawn like diagrams,https://github.com/excalidraw/excalidraw,41583,41583,3499
traefik,The Cloud Native Application Proxy,https://github.com/traefik/traefik,41563,41563,4481
v2ray-core,A platform for building proxies to bypass network restrictions.,https://github.com/v2ray/v2ray-core,41541,41541,8568
stable-diffusion,A latent text-to-image diffusion model,https://github.com/CompVis/stable-diffusion,41452,41452,6530
jest,Delightful JavaScript Testing.,https://github.com/facebook/jest,41435,41435,6265
pdf.js,PDF Reader in JavaScript,https://github.com/mozilla/pdf.js,41418,41418,9222
pi-hole,A black hole for Internet advertisements,https://github.com/pi-hole/pi-hole,41303,41303,2461
Projects,:page_with_curl: A list of practical projects that anyone can solve in any programming language.,https://github.com/karan/Projects,41217,41217,10444
go-ethereum,Official Go implementation of the Ethereum protocol,https://github.com/ethereum/go-ethereum,41188,41188,15964
retrofit,A type-safe HTTP client for Android and the JVM,https://github.com/square/retrofit,41143,41143,7233
yarn,The 1.x line is frozen - features and bugfixes now happen on https://github.com/yarnpkg/berry,https://github.com/yarnpkg/yarn,41061,41061,2886
git-flight-rules,Flight rules for git,https://github.com/k88hudson/git-flight-rules,40817,40817,3170
new-pac,ç¿»å¢™-ç§‘å­¦ä¸Šç½‘ã€å…è´¹ç¿»å¢™ã€å…è´¹ç§‘å­¦ä¸Šç½‘ã€VPNã€ä¸€é”®ç¿»å¢™æµè§ˆå™¨ï¼Œvpsä¸€é”®æ­å»ºç¿»å¢™æœåŠ¡å™¨è„šæœ¬/æ•™ç¨‹ï¼Œå…è´¹shadowsocks/ss/ssr/v2ray/goflywayè´¦å·/èŠ‚ç‚¹ï¼Œå…è´¹è‡ªç”±ä¸Šç½‘ã€fanqiangã€ç¿»å¢™æ¢¯å­ï¼Œç”µè„‘ã€æ‰‹æœºã€iOSã€å®‰å“ã€windowsã€Macã€Linuxã€è·¯ç”±å™¨ç¿»å¢™ã€ç§‘å­¦ä¸Šç½‘,https://github.com/Alvin9999/new-pac,40547,40547,7880
hyper,A terminal built on web technologies,https://github.com/vercel/hyper,40299,40299,3367
mastodon,"Your self-hosted, globally interconnected microblogging community",https://github.com/mastodon/mastodon,40284,40284,5966
awesome-wechat-weapp,å¾®ä¿¡å°ç¨‹åºå¼€å‘èµ„æºæ±‡æ€» :100:,https://github.com/justjavac/awesome-wechat-weapp,40092,40092,8203
x64dbg,An open-source user mode debugger for Windows. Optimized for reverse engineering and malware analysis.,https://github.com/x64dbg/x64dbg,39866,39866,2045
devops-exercises,"Linux, Jenkins, AWS, SRE, Prometheus, Docker, Python, Ansible, Git, Kubernetes, Terraform, OpenStack, SQL, NoSQL, Azure, GCP, DNS, Elastic, Network, Virtualization. DevOps Interview Questions",https://github.com/bregman-arie/devops-exercises,39857,39857,8760
100-Days-Of-ML-Code,100 Days of ML Coding,https://github.com/Avik-Jain/100-Days-Of-ML-Code,39718,39718,9896
vue2-elm,Large single page application with 45 pages built on vue2 + vuex. åŸºäº vue2 + vuex æ„å»ºä¸€ä¸ªå…·æœ‰ 45 ä¸ªé¡µé¢çš„å¤§å‹å•é¡µé¢åº”ç”¨,https://github.com/bailicangdu/vue2-elm,39709,39709,12463
mkcert,A simple zero-config tool to make locally trusted development certificates with any names you'd like.,https://github.com/FiloSottile/mkcert,39649,39649,2020
bat,A cat(1) clone with wings.,https://github.com/sharkdp/bat,39642,39642,1044
github-cheat-sheet,A list of cool features of Git and GitHub.,https://github.com/tiimgreen/github-cheat-sheet,39613,39613,5248
yt-dlp,A youtube-dl fork with additional features and fixes,https://github.com/yt-dlp/yt-dlp,39537,39537,3283
react,Cheatsheets for experienced React developers getting started with TypeScript,https://github.com/typescript-cheatsheets/react,39532,39532,3569
nw.js,Call all Node.js modules directly from DOM/WebWorker and enable a new way of writing applications with all Web technologies.,https://github.com/nwjs/nw.js,39443,39443,3955
Real-Time-Voice-Cloning,Clone a voice in 5 seconds to generate arbitrary speech in real-time,https://github.com/CorentinJ/Real-Time-Voice-Cloning,39311,39311,7174
sherlock,ğŸ” Hunt down social media accounts by username across social networks,https://github.com/sherlock-project/sherlock,39122,39122,4632
Alamofire,Elegant HTTP Networking in Swift,https://github.com/Alamofire/Alamofire,38961,38961,7367
bun,"Incredibly fast JavaScript runtime, bundler, transpiler and package manager â€“ all in one.",https://github.com/oven-sh/bun,38930,38930,958
pixijs,"The HTML5 Creation Engine: Create beautiful digital content with the fastest, most flexible 2D WebGL renderer.",https://github.com/pixijs/pixijs,38898,38898,4706
chinese-poetry,"The most comprehensive database of Chinese poetry ğŸ§¶æœ€å…¨ä¸­åå¤è¯—è¯æ•°æ®åº“,  å”å®‹ä¸¤æœè¿‘ä¸€ä¸‡å››åƒå¤è¯—äºº,  æ¥è¿‘5.5ä¸‡é¦–å”è¯—åŠ 26ä¸‡å®‹è¯—.  ä¸¤å®‹æ—¶æœŸ1564ä½è¯äººï¼Œ21050é¦–è¯ã€‚",https://github.com/chinese-poetry/chinese-poetry,38803,38803,7982
materialize,"Materialize, a CSS Framework based on Material Design",https://github.com/Dogfalo/materialize,38781,38781,4856
openpilot,openpilot is an open source driver assistance system. openpilot performs the functions of Automated Lane Centering and Adaptive Cruise Control for over 200 supported car makes and models.,https://github.com/commaai/openpilot,38756,38756,7022
pm2,Node.js Production Process Manager with a built-in Load Balancer.,https://github.com/Unitech/pm2,38533,38533,2521
dubbo,"Apache Dubbo is a high-performance, java based, open source RPC framework.",https://github.com/apache/dubbo,38414,38414,25603
marktext,"ğŸ“A simple and elegant markdown editor, available for Linux, macOS and Windows.",https://github.com/marktext/marktext,38412,38412,2920
styled-components,Visual primitives for the component age. Use the best bits of ES6 and CSS to style your apps without stress ğŸ’…,https://github.com/styled-components/styled-components,38220,38220,2408
rustdesk,Open source virtual / remote desktop infrastructure for everyone! The open source TeamViewer alternative. Display and control your PC and Android devices from anywhere at anytime.,https://github.com/rustdesk/rustdesk,38131,38131,3402
d2l-zh,ã€ŠåŠ¨æ‰‹å­¦æ·±åº¦å­¦ä¹ ã€‹ï¼šé¢å‘ä¸­æ–‡è¯»è€…ã€èƒ½è¿è¡Œã€å¯è®¨è®ºã€‚ä¸­è‹±æ–‡ç‰ˆè¢«60å¤šä¸ªå›½å®¶çš„400å¤šæ‰€å¤§å­¦ç”¨äºæ•™å­¦ã€‚,https://github.com/d2l-ai/d2l-zh,38104,38104,8454
trackerslist,Updated list of public BitTorrent trackers,https://github.com/ngosang/trackerslist,38055,38055,6488
project-layout,Standard Go Project Layout,https://github.com/golang-standards/project-layout,37808,37808,4252
uni-app,A cross-platform framework using Vue.js,https://github.com/dcloudio/uni-app,37684,37684,3425
drawio-desktop,Official electron build of draw.io,https://github.com/jgraph/drawio-desktop,37681,37681,4047
huginn,Create agents that monitor and act on your behalf.  Your agents are standing by!,https://github.com/huginn/huginn,37592,37592,3370
design-patterns-for-humans,An ultra-simplified explanation to design patterns,https://github.com/kamranahmedse/design-patterns-for-humans,37591,37591,4646
minio,Multi-Cloud :cloud: Object Storage ,https://github.com/minio/minio,37515,37515,4474
PythonDataScienceHandbook,Python Data Science Handbook: full text in Jupyter Notebooks,https://github.com/jakevdp/PythonDataScienceHandbook,37492,37492,16528
v2rayN,"A V2Ray client for Windows, support Xray core and v2fly core",https://github.com/2dust/v2rayN,37432,37432,7203
discourse,"A platform for community discussion. Free, open, simple.",https://github.com/discourse/discourse,37350,37350,7888
frontend-dev-bookmarks,Manually curated collection of resources for frontend web developers.,https://github.com/dypsilon/frontend-dev-bookmarks,37339,37339,5049
DeepFaceLab,DeepFaceLab is the leading software for creating deepfakes.,https://github.com/iperov/DeepFaceLab,37338,37338,8372
ghidra,Ghidra is a software reverse engineering (SRE) framework,https://github.com/NationalSecurityAgency/ghidra,37268,37268,4679
PowerShell,PowerShell for every system!,https://github.com/PowerShell/PowerShell,37165,37165,6307
impress.js,It's a presentation framework based on the power of CSS3 transforms and transitions in modern browsers and inspired by the idea behind prezi.com.,https://github.com/impress/impress.js,37105,37105,6829
rclone,"""rsync for cloud storage"" - Google Drive, S3, Dropbox, Backblaze B2, One Drive, Swift, Hubic, Wasabi, Google Cloud Storage, Yandex Files",https://github.com/rclone/rclone,37086,37086,3375
CppCoreGuidelines,"The C++ Core Guidelines are a set of tried-and-true guidelines, rules, and best practices about coding in C++",https://github.com/isocpp/CppCoreGuidelines,37062,37062,4987
grpc,"The C based gRPC (C++, Python, Ruby, Objective-C, PHP, C#)",https://github.com/grpc/grpc,37035,37035,9747
pandas,"Flexible and powerful data analysis / manipulation library for Python, providing labeled data structures similar to R data.frame objects, statistical functions, and much more",https://github.com/pandas-dev/pandas,36882,36882,15761
Leaflet,ğŸƒ JavaScript library for mobile-friendly interactive maps ğŸ‡ºğŸ‡¦,https://github.com/Leaflet/Leaflet,36832,36832,5566
front-end-interview-handbook,âš¡ï¸ Front End interview preparation materials for busy engineers,https://github.com/yangshun/front-end-interview-handbook,36685,36685,5320
edex-ui,"A cross-platform, customizable science fiction terminal emulator with advanced monitoring & touchscreen support.",https://github.com/GitSquared/edex-ui,36628,36628,2167
python-patterns,A collection of design patterns/idioms in Python,https://github.com/faif/python-patterns,36596,36596,6718
clash,A rule-based tunnel in Go.,https://github.com/Dreamacro/clash,36534,36534,4853
freecodecamp.cn,FCC China open source codebase and curriculum. Learn to code and help nonprofits.,https://github.com/FreeCodeCampChina/freecodecamp.cn,36497,36497,1371
vuetify,ğŸ‰ Vue Component Framework,https://github.com/vuetifyjs/vuetify,36492,36492,6618
fastlane,ğŸš€ The easiest way to automate building and releasing your iOS and Android apps,https://github.com/fastlane/fastlane,36447,36447,5412
hexo,"A fast, simple & powerful blog framework, powered by Node.js.",https://github.com/hexojs/hexo,36178,36178,4422
terraform,"Terraform enables you to safely and predictably create, change, and improve infrastructure. It is an open source tool that codifies APIs into declarative configuration files that can be shared amongst team members, treated as code, edited, reviewed, and versioned.",https://github.com/hashicorp/terraform,36159,36159,8367
zx,A tool for writing better scripts,https://github.com/google/zx,36146,36146,870
MPAndroidChart,"A powerful ğŸš€ Android chart view / graph view library, supporting line- bar- pie- radar- bubble- and candlestick charts as well as scaling, panning and animations.",https://github.com/PhilJay/MPAndroidChart,36130,36130,8887
